date,PE_RATIO,EST_PE_NEXT_YR_AGGTE,5Y GENERIC,1Y GENERIC,S&P 500 TR,PE Yield,Fwd PE Yield,FWD PE - 5Y,S&P 500 1 YEAR GAIN,S&P 500 FORWARD 1 YEAR GAIN,אינפלציה 1Y ידועה,GENERIC INFLATION INDEXED 5Y GOV BOND,EXPECTED INFLATION 5Y
31/08/2024,25.7022,20.369,3.7027,4.4023,12344.43,3.890717526,4.909421179,1.206721179,27.13529179,,2.9,1.695,1.974236688
31/07/2024,25.7642,19.9031,3.9132,4.7447,12052.09,3.881354748,5.024342942,1.111142942,22.14828156,,2.9,1.786,2.089874835
30/06/2024,25.5832,19.6815,4.3765,5.11,11907.15,3.90881516,5.080913548,0.704413548,24.55607777,,3,2.112,2.217662958
31/05/2024,24.6895,19.1033,4.507,5.1754,11494.7,4.050304785,5.23469767,0.72769767,28.18662765,,3.4,2.166,2.291368949
30/04/2024,24.0738,18.266,4.7154,5.2354,10951.66,4.153893444,5.47465236,0.75925236,22.66163401,,3.5,2.292,2.369100223
31/03/2024,25.1382,19.1922,4.2125,5.0238,11418.03,3.978009563,5.210450079,0.997950079,29.88125531,,3.2,1.817,2.352750523
29/02/2024,24.3555,18.7146,4.2447,4.9981,11062.11,4.105848782,5.343421714,1.098721714,30.45248709,,3.1,1.846,2.355222591
31/01/2024,23.31,20.0589,3.8354,4.7069,10501.38,4.29000429,4.985318238,1.149918238,20.81828097,,3.1,1.593,2.207238688
29/12/2023,22.9453,19.6081,3.8471,4.7622,10327.83,4.358191002,5.099933191,1.252833191,26.28765887,,3.4,1.711,2.100166157
30/11/2023,21.921,18.7221,4.2663,5.1172,9879.02,4.561835683,5.34128116,1.07498116,13.83982484,,3.1,2.117,2.104742599
31/10/2023,20.5399,17.1677,4.8536,5.45,9052.31,4.868572875,5.824892094,0.971292094,10.14284498,,3.2,2.473,2.323148537
29/09/2023,21.0015,17.4623,4.609,5.4484,9246.74,4.76156465,5.726622495,1.117622495,21.6173844,,3.7,2.397,2.160219538
31/08/2023,22.0812,18.3675,4.2541,5.3844,9709.68,4.52873938,5.444399074,1.190299074,15.9445072,27.13529179,3.7,2.135,2.074802957
31/07/2023,22.0325,18.9588,4.1774,5.3779,9866.77,4.538749574,5.274595439,1.097195439,13.01546539,22.14828156,3.2,1.907,2.227913686
30/06/2023,21.3668,18.436,4.1556,5.3922,9559.67,4.680158002,5.424170102,1.268570102,19.59409165,24.55607777,3,1.994,2.119340353
31/05/2023,20.0577,17.3041,3.7547,5.1726,8967.16,4.985616496,5.778977237,2.024277237,2.921745518,28.18662765,4,1.693,2.027376516
28/04/2023,19.9145,17.2863,3.4828,4.7404,8928.35,5.02146677,5.784927949,2.302127949,2.664244278,22.66163401,4.9,1.248,2.207253477
31/03/2023,19.6271,17.0189,3.5733,4.591,8791.13,5.094996204,5.875820411,2.302520411,-7.728502665,29.88125531,5,1.172,2.373482782
28/02/2023,18.9142,16.3691,4.1818,4.9773,8479.8,5.287033023,6.10907136,1.92727136,-7.691503826,30.45248709,6,1.666,2.474573604
31/01/2023,19.3707,18.2697,3.6171,4.6538,8691.88,5.16243605,5.473543627,1.856443627,-8.215908899,20.81828097,6.4,1.333,2.254053467
30/12/2022,18.2432,16.8213,4.0039,4.6868,8178.02,5.481494475,5.94484374,1.94094374,-18.11088748,26.28765887,6.5,1.651,2.314684558
30/11/2022,19.3312,17.8314,3.7367,4.6863,8678,5.172984605,5.608084615,1.871384615,-9.210081677,13.83982484,7.1,1.304,2.401385928
31/10/2022,18.5151,16.7154,4.2283,4.6019,8218.7,5.400997024,5.982507149,1.754207149,-14.61108652,10.14284498,7.7,1.575,2.612158504
30/09/2022,17.1449,14.9915,4.09,3.9328,7603.14,5.832638277,6.670446586,2.580446586,-15.47211009,21.6173844,8.2,1.989,2.060026081
31/08/2022,18.9024,16.4584,3.3508,3.4828,8374.42,5.290333503,6.075924756,2.725124756,-11.22755094,15.9445072,8.3,0.766,2.565150944
29/07/2022,20.1633,16.8712,2.676,2.887,8730.46,4.959505636,5.927260657,3.251260657,-4.639434814,13.01546539,8.5,-0.108,2.787009971
30/06/2022,18.4686,15.2319,3.0379,2.7424,7993.43,5.414595584,6.565169152,3.527269152,-10.6158264,19.59409165,9.1,0.435,2.591626425
31/05/2022,20.7029,16.6113,2.8173,2.0501,8712.6,4.830241174,6.019998435,3.202698435,-0.299470063,2.921745518,8.6,-0.124,2.94495174
29/04/2022,20.703,16.6288,2.9549,2.0581,8696.65,4.830217843,6.013663042,3.058763042,0.213063599,2.664244278,8.3,-0.391,3.359033822
31/03/2022,22.8742,18.3304,2.4599,1.595,9527.46,4.371737591,5.455418321,2.995518321,15.64584729,-7.728502665,8.5,-0.909,3.39980422
28/02/2022,22.5368,17.8096,1.7177,0.9752,9186.37,4.437187178,5.614949241,3.897249241,16.38909336,-7.691503826,7.9,-1.412,3.174524283
31/01/2022,23.2791,18.5607,1.6094,0.7724,9469.92,4.295698717,5.387727834,3.778327834,23.29003608,-8.215908899,7.5,-1.28,2.926863857
31/12/2021,24.6543,21.0404,1.263,0.3762,9986.7,4.056087579,4.752761354,3.489761354,28.70536836,-18.11088748,7,-1.652,2.963964697
30/11/2021,25.0936,20.2675,1.1596,0.2183,9558.33,3.985079861,4.934007648,3.774407648,27.92094817,-9.210081677,6.8,-1.652,2.858827836
29/10/2021,25.3528,20.692,1.1831,0.1192,9625.02,3.944337509,4.832785618,3.649685618,42.91386284,-14.61108652,6.2,-1.746,2.981150895
30/09/2021,23.99,19.5617,0.9649,0.0685,8994.83,4.168403501,5.112030141,4.147130141,30.00507311,-15.47211009,5.4,-1.634,2.642071447
31/08/2021,27.1286,20.5032,0.7771,0.0634,9433.58,3.686146723,4.877287448,4.100187448,31.16568017,-11.22755094,5.3,-1.777,2.600307464
30/07/2021,26.396,20.14,0.6904,0.0634,9155.21,3.788452796,4.965243297,4.274843297,36.44514524,-4.639434814,5.4,-1.97,2.713863103
30/06/2021,26.0933,20.2293,0.8894,0.0659,8942.78,3.832401421,4.943324781,4.053924781,40.79415335,-10.6158264,5.4,-1.635,2.566359986
31/05/2021,29.2963,19.9645,0.7995,0.033,8738.77,3.413400327,5.008890781,4.209390781,40.31850683,-0.299470063,5,-1.814,2.661784776
30/04/2021,29.5832,20.193,0.8461,0.0482,8678.16,3.380296925,4.952211162,4.106111162,45.98195361,0.213063599,4.2,-1.739,2.63085049
31/03/2021,28.4717,19.8812,0.9393,0.0558,8238.48,3.512259542,5.029877472,4.090577472,56.35162833,15.64584729,2.6,-1.757,2.744521238
26/02/2021,30.7014,19.224,0.7313,0.0659,7892.81,3.257180454,5.201831045,4.470531045,31.29016107,16.38909336,1.7,-1.755,2.530714031
29/01/2021,29.9232,18.9968,0.4193,0.0761,7681.01,3.341888568,5.264044471,4.844744471,17.24942757,23.29003608,1.4,-1.832,2.293313503
31/12/2020,30.3314,22.0876,0.3608,0.104,7759.35,3.29691343,4.527427154,4.166627154,18.3988269,28.70536836,1.4,-1.626,2.019639336
30/11/2020,28.0024,21.158,0.3608,0.1065,7472.06,3.571122475,4.726344645,4.365544645,17.45641006,27.92094817,1.2,-1.346,1.730086971
30/10/2020,25.3595,19.3084,0.3844,0.1167,6734.84,3.943295412,5.179093037,4.794693037,9.710640474,42.91386284,1.2,-1.212,1.615985747
30/09/2020,26.1894,20.183,0.2768,0.1167,6918.83,3.818338717,4.954664817,4.677864817,15.14897838,30.00507311,1.4,-1.244,1.539957066
31/08/2020,26.6391,21.0958,0.2673,0.1116,7192.11,3.753880574,4.740280056,4.472980056,21.93675052,31.16568017,1.3,-1.445,1.73740551
31/07/2020,24.8716,19.7965,0.2044,0.1065,6709.81,4.020650059,5.051397974,4.846997974,11.95761175,36.44514524,1,-1.234,1.456371626
30/06/2020,23.6283,19.1914,0.2878,0.1497,6351.67,4.232213067,5.210667278,4.922867278,7.505098803,40.79415335,0.6,-0.887,1.185313733
29/05/2020,20.9545,18.8189,0.3036,0.1573,6227.81,4.772244625,5.313806864,5.010206864,12.83756729,40.31850683,0.1,-0.529,0.837027877
30/04/2020,19.875,17.8267,0.3624,0.1421,5944.68,5.031446541,5.609563183,5.247163183,0.863108923,45.98195361,0.3,-0.343,0.70782785
31/03/2020,17.6292,14.5795,0.3799,0.1548,5269.2,5.672407143,6.85894578,6.47904578,-6.977893745,56.35162833,1.5,-0.164,0.544793461
28/02/2020,19.0665,15.336,0.9356,1.0089,6011.73,5.244801091,6.520605112,5.585005112,8.192941947,31.29016107,2.3,-0.434,1.375569974
31/01/2020,20.7842,16.6692,1.3134,1.4229,6551,4.811347081,5.999088139,4.685688139,21.68369669,17.24942757,2.5,-0.281,1.598892889
31/12/2019,20.8345,18.0046,1.691,1.566,6553.57,4.799731215,5.554136165,3.863136165,31.48637099,18.3988269,2.3,-0.008,1.699135931
29/11/2019,20.8102,17.4367,1.6259,1.5855,6361.56,4.805335845,5.735030138,4.109130138,16.10995618,17.45641006,2.1,0.111,1.513220325
31/10/2019,20.0235,16.7935,1.5195,1.4948,6138.73,4.994131895,5.954684848,4.435184848,14.32612781,9.710640474,1.8,0.069,1.449499845
30/09/2019,19.612,16.3867,1.544,1.7446,6008.59,5.098919029,6.102509962,4.558509962,4.253897859,15.14897838,1.7,0.21,1.331204471
30/08/2019,19.1767,16.0551,1.3865,1.7628,5898.23,5.214661542,6.228550429,4.842050429,2.921581629,21.93675052,1.7,0.053,1.332793619
31/07/2019,19.4759,16.2446,1.8272,1.985,5993.17,5.134550907,6.155891804,4.328691804,7.985823321,11.95761175,1.8,0.285,1.537817221
28/06/2019,19.234,16.0044,1.7664,1.9251,5908.25,5.199126547,6.248281723,4.481881723,10.41744926,7.505098803,1.6,0.229,1.533887398
31/05/2019,18.1861,14.867,1.911,2.2,5519.27,5.498705055,6.726306585,4.815306585,3.782741957,12.83756729,1.8,0.335,1.570738028
30/04/2019,19.4046,15.9019,2.2783,2.374,5893.81,5.153417231,6.288556713,4.010256713,13.4944079,0.863108923,2,0.421,1.849513548
29/03/2019,18.6872,15.2924,2.233,2.3874,5664.46,5.351256475,6.53919594,4.30619594,9.496461564,-6.977893745,1.9,0.439,1.786158763
28/02/2019,18.5247,14.9711,2.5122,2.5363,5556.49,5.398198081,6.679535906,4.167335906,4.679649365,8.192941947,1.5,0.652,1.848150062
31/01/2019,17.977,14.5041,2.4365,2.5442,5383.63,5.562663403,6.894602216,4.458102216,-2.31491814,21.68369669,1.6,0.711,1.713318307
31/12/2018,16.6386,14.2754,2.5111,2.596,4984.22,6.010121044,7.005057652,4.493957652,-4.384241745,31.48637099,1.9,0.999,1.497143536
30/11/2018,18.6748,15.5265,2.8125,2.6777,5478.91,5.35480969,6.440601552,3.628101552,6.274343218,16.10995618,2.2,1.052,1.742172347
31/10/2018,18.4057,15.1435,2.9749,2.6546,5369.49,5.433099529,6.603493248,3.628593248,7.346217436,14.32612781,2.5,1.062,1.89279848
28/09/2018,19.8329,16.3729,2.9529,2.563,5763.42,5.042126971,6.107653501,3.154753501,17.91029814,4.253897859,2.3,0.913,2.021444214
31/08/2018,20.8398,16.2956,2.7382,2.4473,5730.8,4.798510542,6.136625838,3.398425838,19.66140341,2.921581629,2.7,0.752,1.971375258
31/07/2018,20.3167,15.8486,2.8479,2.4087,5549.96,4.922059193,6.309705589,3.461805589,16.24023994,7.985823321,2.9,0.842,1.989151346
29/06/2018,19.6639,15.4937,2.7378,2.3119,5350.83,5.085461175,6.454236238,3.716436238,14.37405416,10.41744926,2.9,0.659,2.065190395
31/05/2018,20.3881,15.4869,2.6962,2.2231,5318.1,4.90482193,6.457070169,3.760870169,14.38397708,3.782741957,2.8,0.644,2.0390684
30/04/2018,20.0801,15.258,2.7972,2.2339,5193.04,4.98005488,6.553938917,3.756738917,13.26595155,13.4944079,2.5,0.688,2.09478786
30/03/2018,20.1206,15.3242,2.562,2.0822,5173.19,4.970030715,6.525626134,3.963626134,13.99186023,9.496461564,2.4,0.471,2.081197559
28/02/2018,21.7001,15.7396,2.6401,2.0564,5308.09,4.608273695,6.353401611,3.713301611,17.1006391,4.679649365,2.2,0.503,2.126404187
31/01/2018,22.6614,16.6057,2.5139,1.8816,5511.21,4.412790031,6.022028581,3.508128581,26.40940775,-2.31491814,2.1,0.461,2.043479559
29/12/2017,21.514,18.0136,2.2064,1.7316,5212.76,4.648136097,5.551361194,3.344961194,21.83160148,-4.384241745,2.1,0.285,1.915939572
30/11/2017,22.0101,18.0354,2.1375,1.6073,5155.44,4.543368726,5.544651075,3.407151075,22.87349281,6.274343218,2.2,0.331,1.800540212
31/10/2017,21.4725,17.5955,2.0165,1.4209,5002.03,4.657119572,5.683271291,3.666771291,23.63237755,7.346217436,2,0.161,1.852517447
29/09/2017,21.0494,17.3746,1.936,1.2892,4887.97,4.750729237,5.755528185,3.819528185,18.6095325,17.91029814,2.2,0.13,1.803655248
31/08/2017,20.9053,17.0369,1.702,1.2171,4789.18,4.783475961,5.869612429,4.167612429,16.23405149,19.66140341,1.9,0.044,1.657270801
31/07/2017,20.9516,17.0234,1.8356,1.212,4774.56,4.772905172,5.874267185,4.038667185,16.04200743,16.24023994,1.7,0.123,1.71049609
30/06/2017,20.682,16.6956,1.8884,1.2275,4678.36,4.835122329,5.989602051,4.101202051,17.89597829,14.37405416,1.6,0.221,1.663723172
31/05/2017,21.0178,16.644,1.7516,1.1503,4649.34,4.757871899,6.008171113,4.256571113,17.46838641,14.38397708,1.9,0,1.7516
28/04/2017,20.799,16.4381,1.8142,1.0576,4584.82,4.807923458,6.083428133,4.269228133,17.91838236,13.26595155,2.2,-0.002,1.816236325
31/03/2017,20.6898,16.3505,1.9212,1.0164,4538.21,4.8332995,6.116020917,4.194820917,17.17224659,13.99186023,2.4,-0.156,2.080445495
28/02/2017,21.2884,16.3399,1.9294,0.8208,4532.93,4.697393886,6.119988494,4.190588494,24.97532437,17.1006391,2.7,-0.166,2.098884148
31/01/2017,20.5543,15.7501,1.9129,0.7593,4359.81,4.865162034,6.349166037,4.436266037,20.04014361,26.40940775,2.5,-0.219,2.136579108
30/12/2016,20.2236,16.862,1.9274,0.8106,4278.66,4.944718052,5.930494603,4.003094603,11.95991208,21.83160148,2.1,-0.025,1.952888222
30/11/2016,20.5439,16.5762,1.842,0.7748,4195.73,4.86762494,6.032745744,4.190745744,8.058276931,22.87349281,1.7,0.004,1.837926483
31/10/2016,19.9181,15.996,1.3067,0.6417,4045.89,5.02055919,6.251562891,4.944862891,4.509044695,23.63237755,1.6,-0.33,1.642118993
30/09/2016,20.3805,16.4019,1.1492,0.5854,4121.06,4.906650965,6.096854633,4.947654633,15.43035766,18.6095325,1.5,-0.358,1.512615162
31/08/2016,20.5524,16.3676,1.1977,0.5906,4120.29,4.865611802,6.109631223,4.911931223,12.55316533,16.23405149,1.1,-0.088,1.286832413
29/07/2016,20.5938,16.3632,1.0237,0.4884,4114.51,4.855830396,6.111274078,5.087574078,5.613994558,16.04200743,0.8,-0.31,1.337847327
30/06/2016,19.9393,15.8262,0.9997,0.4323,3968.21,5.015221196,6.318636186,5.318936186,3.992819424,17.89597829,1,-0.407,1.412448666
31/05/2016,19.7765,15.7817,1.3718,0.6725,3957.95,5.05650646,6.33645298,4.96465298,1.715931928,17.46838641,1,-0.105,1.47835227
29/04/2016,19.5128,15.5546,1.294,0.5497,3888.13,5.12484113,6.428966351,5.134966351,1.206472,17.91838236,1.1,-0.304,1.602872733
31/03/2016,19.5176,15.3969,1.2048,0.5804,3873.11,5.123580768,6.494813891,5.290013891,1.782790709,17.17224659,0.9,-0.414,1.625529693
29/02/2016,17.8171,14.3424,1.2123,0.5972,3627.06,5.612585662,6.97233378,5.76003378,-6.190739754,24.97532437,1,-0.106,1.319698881
29/01/2016,17.8552,14.2695,1.328,0.4487,3631.96,5.600609346,7.007954028,5.679954028,-0.665156935,20.04014361,1.4,0.042,1.285460107
31/12/2015,18.8066,16.0936,1.7598,0.5972,3821.6,5.317282231,6.213650147,4.453850147,1.383759922,11.95991208,0.7,0.397,1.357411078
30/11/2015,18.7747,16.2572,1.6446,0.4795,3882.84,5.326316799,6.151120734,4.506520734,2.74890446,8.058276931,0.5,0.295,1.34563039
30/10/2015,18.7853,16.1931,1.5185,0.321,3871.33,5.323311313,6.175469799,4.656969799,5.199470651,4.509044695,0.2,0.268,1.247157618
30/09/2015,17.3714,14.8819,1.3572,0.3108,3570.17,5.756588415,6.719572098,5.362372098,-0.614656552,15.43035766,0,0.22,1.134703652
31/08/2015,17.5526,15.1511,1.5478,0.3772,3660.75,5.697161674,6.600180845,5.052380845,0.477858229,12.55316533,0.2,0.215,1.329940628
31/07/2015,18.7521,16.0252,1.5287,0.3108,3895.8,5.332736067,6.24017173,4.71147173,11.207214,5.613994558,0.2,0.101,1.426259478
30/06/2015,18.421,15.6901,1.6479,0.2648,3815.85,5.428586939,6.373445676,4.725545676,7.422765738,3.992819424,0.1,-0.044,1.692644764
29/05/2015,18.7019,15.9445,1.4853,0.2444,3891.18,5.3470503,6.271755151,4.786455151,11.80620006,1.715931928,0,-0.124,1.61129801
30/04/2015,18.5416,15.7967,1.4254,0.224,3841.78,5.393277819,6.330436104,4.905036104,12.97824412,1.206472,-0.2,-0.309,1.739775908
31/03/2015,18.347,15.5469,1.3701,0.2291,3805.27,5.450482368,6.432150461,5.062050461,12.73170573,1.782790709,-0.1,-0.37,1.74656228
27/02/2015,18.6833,15.7554,1.4988,0.1878,3866.42,5.35237351,6.347030225,4.848230225,15.50585831,-6.190739754,0,-0.28,1.783794625
30/01/2015,17.7449,14.8457,1.1548,0.137,3656.28,5.635422009,6.735957213,5.581157213,14.2248395,-0.665156935,-0.1,-0.348,1.508048007
31/12/2014,18.3575,16.2025,1.6528,0.2132,3769.44,5.447364837,6.171887054,4.519087054,13.68836316,1.383759922,0.8,0.332,1.316429454
28/11/2014,18.4144,15.9116,1.4805,0.1167,3778.96,5.430532627,6.284723095,4.804223095,16.86107641,2.74890446,1.3,-0.038,1.519077249
31/10/2014,17.9971,15.461,1.6095,0.0913,3679.99,5.556450762,6.467886941,4.858386941,17.26846585,5.199470651,1.7,-0.053,1.663381592
30/09/2014,17.5988,14.9147,1.7566,0.0964,3592.25,5.682205605,6.704794599,4.948194599,19.7344826,-0.614656552,1.7,0.045,1.710830126
29/08/2014,18.2934,15.1281,1.625,0.0812,3643.34,5.466452382,6.610215427,4.985215427,25.24544855,0.477858229,1.7,-0.273,1.903195724
31/07/2014,17.6495,14.5495,1.7529,0.1116,3503.19,5.665882886,6.873088422,5.120188422,16.93983416,11.207214,2,-0.325,2.084675194
30/06/2014,17.9244,14.9554,1.6299,0.0964,3552.18,5.578987302,6.686548003,5.056648003,24.60903791,7.422765738,2.1,-0.484,2.124181036
30/05/2014,17.859,14.7018,1.5391,0.0913,3480.29,5.599417661,6.801888204,5.262788204,20.44776533,11.80620006,2.1,-0.457,2.005264057
30/04/2014,17.5311,14.407,1.6757,0.1015,3400.46,5.704148627,6.941070313,5.265370313,20.43762529,12.97824412,2,-0.305,1.986759617
31/03/2014,17.4201,14.3784,1.7184,0.1116,3375.51,5.740495175,6.95487676,5.23647676,21.8573672,12.73170573,1.5,-0.466,2.194626962
28/02/2014,17.4541,14.2634,1.5016,0.1015,3347.38,5.729312884,7.010951106,5.509351106,25.37379397,15.50585831,1.1,-0.742,2.26037196
31/01/2014,16.7628,13.6667,1.4902,0.0812,3200.95,5.965590474,7.317055324,5.826855324,21.51691621,14.2248395,1.6,-0.663,2.167570996
31/12/2013,17.3723,15.2572,1.7411,0.1116,3315.59,5.756290186,6.554282568,4.813182568,32.38847806,13.68836316,1.5,-0.353,2.10151836
29/11/2013,17.2917,14.8212,1.3701,0.1167,3233.72,5.783121382,6.747092003,5.376992003,30.2963148,16.86107641,1.2,-0.592,1.973784806
31/10/2013,16.8953,14.3757,1.3294,0.0913,3138.09,5.918805822,6.956183003,5.626783003,27.17638429,17.26846585,1,-0.637,1.97900627
30/09/2013,16.1953,13.8185,1.3815,0.0862,3000.18,6.174630911,7.236675471,5.855175471,19.34222512,19.7344826,1.2,-0.555,1.947307557
30/08/2013,15.8693,13.4055,1.6407,0.1116,2908.96,6.301475175,7.459624781,5.818924781,18.70399086,25.24544855,1.5,-0.257,1.902589655
31/07/2013,16.409,13.8115,1.3782,0.1015,2995.72,6.094216588,7.240343192,5.862143192,24.9977051,16.93983416,2,-0.592,1.981933044
28/06/2013,15.7536,13.1589,1.3945,0.1421,2850.66,6.347755434,7.599419404,6.204919404,20.59700735,24.60903791,1.8,-0.411,1.81295123
31/05/2013,16.2296,13.3816,1.0177,0.1269,2889.46,6.161581308,7.472947928,6.455247928,27.27496972,20.44776533,1.4,-0.894,1.928944766
30/04/2013,15.9316,13.0889,0.676,0.1015,2823.42,6.276833463,7.640061426,6.964061426,16.89147229,20.43762529,1.1,-1.395,2.100299173
29/03/2013,15.6519,12.7529,0.7644,0.1218,2770.05,6.389000696,7.841353731,7.076953731,13.96240543,21.8573672,1.5,-1.763,2.572757719
28/02/2013,15.2118,12.27,0.7612,0.1522,2669.92,6.57384399,8.14995925,7.38875925,13.45767307,25.37379397,2,-1.716,2.520450938
31/01/2013,15.0328,12.2142,0.8782,0.1319,2634.16,6.652120696,8.187191957,7.308991957,16.77845803,21.51691621,1.6,-1.632,2.551846129
31/12/2012,14.4181,12.4717,0.7229,0.137,2504.44,6.935726621,8.018153099,7.295253099,16.0032238,32.38847806,1.7,-1.476,2.231841988
30/11/2012,14.6013,12.3575,0.617,0.1675,2481.82,6.848705252,8.092251669,7.475251669,16.1313568,30.2963148,1.8,-1.496,2.145090555
31/10/2012,14.5652,12.2824,0.7213,0.1675,2467.51,6.86567984,8.141731258,7.420431258,15.20676437,27.17638429,2.2,-1.446,2.199098971
28/09/2012,14.8935,12.525,0.625,0.1523,2513.93,6.71433847,7.984031936,7.359031936,30.20214524,19.34222512,2,-1.52,2.17810723
31/08/2012,14.5072,12.1561,0.59,0.1573,2450.6,6.893128929,8.226322587,7.636322587,17.99998074,18.70399086,1.7,-1.41,2.028603307
31/07/2012,14.2163,11.9165,0.581,0.1573,2396.62,7.034179076,8.391725758,7.810725758,9.13172562,24.9977051,1.4,-1.271,1.875841951
29/06/2012,14.0379,11.611,0.7181,0.2031,2363.79,7.123572614,8.612522608,7.894422608,5.448194641,20.59700735,1.7,-1.028,1.76423635
31/05/2012,13.7452,11.111,0.6552,0.1777,2270.25,7.275267002,9.000090001,8.344890001,-0.412780853,27.27496972,1.7,-1.084,1.758259533
30/04/2012,14.7289,11.8112,0.8079,0.1726,2415.42,6.789373273,8.466540233,7.658640233,4.75591562,16.89147229,2.3,-1.263,2.097390036
30/03/2012,14.8647,11.9863,1.0386,0.1675,2430.67,6.72734734,8.342858096,7.304258096,8.539188369,13.96240543,2.7,-1.248,2.315497408
29/02/2012,14.5594,11.6158,0.859,0.1578,2353.23,6.868414907,8.608963653,7.749963653,5.122959058,13.45767307,2.9,-1.384,2.274478786
31/01/2012,14.0085,11.1741,0.7045,0.1119,2255.69,7.13852304,8.949266608,8.244766608,4.21779708,16.77845803,2.9,-1.306,2.037104586
30/12/2011,13.4696,11.6261,0.8318,0.1017,2158.94,7.424125438,8.601336648,7.769536648,2.111820044,16.0032238,3,-0.873,1.719813976
30/11/2011,13.8864,11.472,0.952,0.1068,2137.08,7.201290471,8.716875872,7.764875872,7.833124773,16.1313568,3.4,-0.913,1.882184343
31/10/2011,13.9726,11.5075,0.9599,0.1068,2141.81,7.156864148,8.689984793,7.730084793,8.08542635,15.20676437,3.5,-0.966,1.944685664
30/09/2011,12.6768,10.2396,0.9518,0.1017,1930.79,7.888426101,9.766006485,8.814206485,1.144084444,30.20214524,3.9,-0.602,1.563210527
31/08/2011,14.066,10.8835,0.9615,0.0967,2076.78,7.109341675,9.188220701,8.226720701,18.50047074,17.99998074,3.8,-0.831,1.807520495
29/07/2011,14.9356,11.423,1.3556,0.1985,2196.08,6.695412303,8.754267706,7.398667706,19.65130217,9.13172562,3.6,-0.827,2.200800621
30/06/2011,15.3789,11.7899,1.7608,0.1832,2241.66,6.502415647,8.481836148,6.721036148,30.69151076,5.448194641,3.6,-0.357,2.125387634
31/05/2011,16.0375,11.9827,1.6992,0.1578,2279.66,6.235385814,8.345364567,6.646164567,25.94945801,-0.412780853,3.6,-0.377,2.084056894
29/04/2011,15.7684,12.2201,1.967,0.1832,2305.76,6.341797519,8.18323909,6.21623909,17.21918609,4.75591562,3.2,-0.515,2.49484847
31/03/2011,15.4382,12.0643,2.2766,0.273,2239.44,6.47743908,8.288918545,6.012318545,15.64488143,8.539188369,2.7,-0.45,2.738925163
28/02/2011,16.1018,12.1582,2.1382,0.2366,2238.55,6.210485784,8.224901712,6.086701712,22.57497522,5.122959058,2.1,-0.423,2.572079898
31/01/2011,15.6387,11.8811,1.9407,0.2366,2164.4,6.394393396,8.416729091,6.476029091,22.18584171,4.21779708,1.6,-0.349,2.297719039
31/12/2010,15.3635,12.9645,2.006,0.2621,2114.29,6.508933511,7.713371129,5.707371129,15.06340136,2.111820044,1.5,-0.054,2.061113001
30/11/2010,15.2376,12.2358,1.4661,0.257,1981.84,6.562713288,8.172739012,6.706639012,9.938535958,7.833124773,1.1,-0.201,1.67045762
29/10/2010,15.295,12.3109,1.1661,0.2021,1981.59,6.538084341,8.122882974,6.956782974,16.51819577,8.08542635,1.2,-0.424,1.596870732
30/09/2010,14.8235,11.9919,1.2629,0.2468,1908.95,6.746045131,8.338962133,7.076062133,10.16181342,1.144084444,1.1,-0.138,1.402835914
31/08/2010,14.4691,10.963,1.3311,0.2275,1752.55,6.9112799,9.121590805,7.790490805,4.910447046,18.50047074,1.1,0.057,1.273374177
30/07/2010,15.2163,11.4951,1.5964,0.2723,1835.4,6.571899871,8.699358857,7.102958857,13.83666913,19.65130217,1.2,0.104,1.490849517
30/06/2010,14.402,10.7917,1.7733,0.3049,1715.23,6.943480072,9.266380644,7.493080644,14.4295302,30.69151076,1.1,0.192,1.578269722
31/05/2010,16.577,11.4149,2.0919,0.315,1809.98,6.032454606,8.760479724,6.668579724,20.99039419,25.94945801,2,0.357,1.728728439
30/04/2010,18.1652,12.4952,2.4164,0.3751,1967.05,5.505031599,8.00307318,5.58667318,38.84438107,17.21918609,2.2,0.398,2.010398614
31/03/2010,17.9713,12.5256,2.5435,0.3792,1936.48,5.564427726,7.983649486,5.440149486,49.76875126,15.64488143,2.3,0.384,2.151239241
26/02/2010,18.9746,11.8159,2.3018,0.2926,1826.27,5.270203324,8.463172505,6.161372505,53.61781232,22.57497522,2.1,0.214,2.083341649
29/01/2010,18.416,11.4835,2.3232,0.2743,1771.4,5.430060817,8.708146471,6.384946471,33.13691742,22.18584171,2.6,0.189,2.130173971
31/12/2009,19.3656,14.1311,2.6788,0.4353,1837.5,5.163795596,7.076589933,4.397789933,26.46423213,15.06340136,2.7,0.427,2.242225696
30/11/2009,24.2492,13.9536,1.9996,0.2417,1802.68,4.123847385,7.166609334,5.167009334,25.38812531,9.938535958,1.8,0.149,1.847846708
30/10/2009,22.9876,13.3683,2.3084,0.3466,1700.67,4.350171397,7.480382696,5.171982696,9.804947024,16.51819577,-0.2,0.626,1.671933695
30/09/2009,23.2272,13.9895,2.3117,0.3803,1732.86,4.305297238,7.148218307,4.836518307,-6.907555441,10.16181342,-1.3,0.887,1.412174016
31/08/2009,21.3743,13.6229,2.385,0.4149,1670.52,4.678515788,7.340580934,4.955580934,-18.2532187,4.910447046,-1.5,1.232,1.138967915
31/07/2009,19.4562,13.2396,2.5144,0.468,1612.31,5.139749797,7.553098281,5.038698281,-19.96038503,13.83666913,-2.1,1.168,1.330855607
30/06/2009,18.097,12.418,2.5546,0.4822,1498.94,5.525777753,8.052826542,5.498226542,-26.21402236,14.4295302,-1.4,1.162,1.376603863
29/05/2009,16.9159,12.6177,2.3399,0.4424,1495.97,5.911597964,7.925374672,5.585474672,-32.56840207,20.99039419,-1.3,0.928,1.398918041
30/04/2009,15.9775,11.9979,2.0104,0.4557,1416.73,6.25880144,8.334791922,6.324391922,-35.31297229,38.84438107,-0.7,1.188,0.812744594
31/03/2009,14.456,10.6667,1.6551,0.5425,1292.98,6.917542889,9.374970703,7.719870703,-38.08812404,49.76875126,-0.4,0.842,0.806310863
27/02/2009,12.1213,9.2493,1.9839,0.6806,1188.84,8.249940188,10.81162899,8.827728988,-43.3205561,53.61781232,0.2,1.289,0.686056729
30/01/2009,13.5943,10.0142,1.8751,0.473,1330.51,7.356024216,9.985820135,8.110720135,-38.62678168,33.13691742,0,1.398,0.470522101
31/12/2008,16.7894,11.5847,1.5489,0.3405,1452.98,5.956138992,8.632075065,7.083175065,-36.99761082,26.46423213,0.1,1.669,-0.118128436
28/11/2008,14.2089,10.5761,1.9144,0.898,1437.68,7.037842479,9.455281247,7.540881247,-38.09347469,25.38812531,1.1,2.255,-0.333088847
31/10/2008,15.2024,10.6133,2.8277,1.28,1548.81,6.577908751,9.422140145,6.594440145,-36.09649829,9.804947024,3.7,2.838,-0.010015753
30/09/2008,18.0579,11.3867,2.9793,1.7874,1861.44,5.537742484,8.782175696,5.802875696,-21.97575575,-6.907555441,4.9,1.933,1.026458556
29/08/2008,19.2409,12.1234,3.0876,2.1632,2043.53,5.197262082,8.248511144,5.160911144,-11.13966544,-18.2532187,5.4,1.215,1.850121029
31/07/2008,18.6779,11.7758,3.2351,2.2579,2014.39,5.353920944,8.491992051,5.256892051,-11.09389827,-19.96038503,5.6,1.086,2.126011515
30/06/2008,18.6239,11.7472,3.3271,2.3286,2031.47,5.369444638,8.512666848,5.185566848,-13.12006843,-26.21402236,5,0.675,2.634318351
30/05/2008,18.7624,12.8624,3.4177,3.303,2218.5,5.329808553,7.774598831,4.356898831,-6.697508148,-32.56840207,4.2,0.981,2.413028193
30/04/2008,18.3806,12.7419,3.0097,3.303,2190.13,5.440518808,7.848123121,4.838423121,-4.676244902,-35.31297229,3.9,0.805,2.187093894
31/03/2008,17.5796,12.0192,2.4365,3.303,2088.42,5.688411568,8.320021299,5.883521299,-5.0769958,-38.08812404,4,0.096,2.338255275
29/02/2008,16.5598,12.0874,2.4689,3.303,2097.48,6.038720274,8.27307775,5.80417775,-3.598709428,-43.3205561,4,-0.043,2.512980582
31/01/2008,17.0858,12.4303,2.7604,3.303,2167.9,5.852813447,8.044858129,5.284458129,-2.311203637,-38.62678168,4.3,0.543,2.205424545
31/12/2007,18.2407,14.2458,3.4397,3.303,2306.23,5.482245747,7.019612798,3.579912798,5.493726357,-36.99761082,4.1,1.105,2.309183522
30/11/2007,16.6853,14.1722,3.3818,3.303,2322.34,5.993299491,7.056067512,3.674267512,7.720709313,-38.09347469,4.3,1.117,2.239781639
31/10/2007,17.3146,14.6899,4.1686,3.303,2423.67,5.775472722,6.80739828,2.63879828,14.55911895,-36.09649829,3.5,1.937,2.189195287
28/09/2007,17.0856,14.4629,4.243,3.303,2385.72,5.852881959,6.914242648,2.671242648,16.43963317,-21.97575575,2.8,2.171,2.027972712
31/08/2007,16.4093,13.938,4.2442,3.303,2299.71,6.094105172,7.174630507,2.930430507,15.13402289,-11.13966544,2,2.334,1.866632791
31/07/2007,16.2043,13.7652,4.5614,3.303,2265.75,6.171201471,7.264696481,2.703296481,16.13275243,-11.09389827,2.4,2.474,2.037004508
29/06/2007,16.7664,14.3919,4.9213,3.303,2338.25,5.964309572,6.948352893,2.027052893,20.58864484,-13.12006843,2.7,2.664,2.198725941
31/05/2007,17.4821,14.7403,4.846,3.303,2377.75,5.720136597,6.78412244,1.93812244,22.79166086,-6.697508148,2.7,2.531,2.257853722
30/04/2007,16.9377,14.3169,4.5106,3.303,2297.57,5.903989326,6.984752286,2.474152286,15.23630874,-4.676244902,2.6,2.053,2.408160466
30/03/2007,16.2601,13.8054,4.5317,3.303,2200.12,6.150023678,7.243542382,2.711842382,11.82994643,-5.0769958,2.8,2.03,2.451925904
28/02/2007,16.3521,13.6477,4.5191,3.303,2175.78,6.115422484,7.327241953,2.808141953,11.96949346,-3.598709428,2.4,2.132,2.337269416
31/01/2007,16.79,14.0287,4.7997,3.303,2219.19,5.955926147,7.128244242,2.328544242,14.51342412,-2.311203637,2.1,2.422,2.321473902
29/12/2006,16.5889,14.8622,4.6923,3.303,2186.13,6.028127242,6.72847896,2.03617896,15.79446381,5.493726357,2.5,2.463,2.175712208
30/11/2006,16.7379,14.6262,4.4436,3.303,2155.89,5.974465136,6.837045849,2.393445849,14.23265228,7.720709313,2,2.239,2.156319995
31/10/2006,16.4596,14.4043,4.5614,3.303,2115.65,6.075481786,6.942371375,2.380971375,16.34039043,14.55911895,1.3,2.502,2.009131529
29/09/2006,15.9898,14.0092,4.5777,3.303,2048.89,6.253986917,7.138166348,2.560466348,10.7909351,16.43963317,2.1,2.353,2.173556222
31/08/2006,16.3392,13.6856,4.6888,3.303,1997.42,6.120250685,7.306950371,2.618150371,8.882081026,15.13402289,3.8,2.285,2.35010021
31/07/2006,16.041,13.382,4.8963,3.303,1951,6.23402531,7.472724555,2.576424555,5.381420246,16.13275243,4.1,2.375,2.462808303
30/06/2006,16.0083,13.4298,5.0926,3.303,1939.03,6.246759494,7.446127269,2.353527269,8.629740223,20.58864484,4.3,2.465,2.56438784
31/05/2006,16.5229,13.4664,5.0323,3.303,1936.41,6.052206332,7.425889622,2.393589622,8.636939959,22.79166086,4.2,2.341,2.629737837
28/04/2006,17.1418,13.9559,4.9106,3.303,1993.79,5.833693078,7.165428242,2.254828242,15.41542932,15.23630874,3.5,2.231,2.621122751
31/03/2006,16.945,13.8649,4.8104,3.303,1967.38,5.901445854,7.212457356,2.402057356,11.72645651,11.82994643,3.4,2.244,2.510073941
28/02/2006,17.239,13.7306,4.599,3.303,1943.19,5.80080051,7.283002928,2.684002928,8.398833,11.96949346,3.6,1.916,2.632560148
31/01/2006,17.2817,13.8273,4.4519,3.303,1937.93,5.786467766,7.232069891,2.780169891,10.38059327,14.51342412,4,1.913,2.49124253
30/12/2005,16.9501,14.5487,4.3497,3.303,1887.94,5.899670208,6.873466358,2.523766358,4.911783501,15.79446381,3.4,2.075,2.228459466
30/11/2005,17.3912,14.5014,4.4109,3.303,1887.28,5.7500345,6.895885914,2.484985914,8.443800888,14.23265228,3.5,2.07,2.29342608
31/10/2005,16.8121,13.9714,4.4412,3.303,1818.5,5.948096906,7.15747885,2.71627885,8.71969629,16.34039043,4.3,1.777,2.61768376
30/09/2005,17.3802,14.4379,4.1886,3.303,1849.33,5.753673721,6.926215031,2.737615031,12.25204555,10.7909351,4.7,1.436,2.713632241
31/08/2005,17.6523,14.5743,3.859,3.303,1834.48,5.664984166,6.861393,3.002393,12.5565243,8.882081026,3.6,1.39,2.435151396
29/07/2005,17.9657,14.8925,4.121,3.303,1851.37,5.566162187,6.714789323,2.593789323,14.05258554,5.381420246,3.2,1.75,2.33022113
30/06/2005,17.4387,14.5839,3.6978,3.303,1784.99,5.734372402,6.856876419,3.159076419,6.323451451,8.629740223,2.5,1.379,2.287258702
31/05/2005,17.759,14.6697,3.7352,3.303,1782.46,5.630947688,6.816771986,3.081571986,8.237794511,8.636939959,2.8,1.263,2.441365553
29/04/2005,17.2489,14.2241,3.8947,3.303,1727.49,5.797471143,7.030321778,3.135621778,6.339142264,15.41542932,3.5,1.152,2.711463935
31/03/2005,17.7057,15.2685,4.1652,3.303,1760.89,5.647898699,6.549431837,2.384231837,6.693447728,11.72645651,3.1,1.289,2.839597587
28/02/2005,18.38,15.5661,4.0114,3.303,1792.63,5.440696409,6.424216727,2.412816727,6.977979352,8.398833,3,1.212,2.765877564
31/01/2005,18.088,15.2773,3.6943,3.303,1755.68,5.5285272,6.545659246,2.851359246,6.229087631,10.38059327,3,1.148,2.517400245
31/12/2004,18.5984,15.6737,3.6074,3.303,1799.55,5.376806607,6.380114459,2.772714459,10.88210285,4.911783501,3.3,1.061,2.51966634
30/11/2004,18.4697,15.1125,3.6911,3.303,1740.33,5.414273107,6.617038875,2.925938875,12.85674451,8.443800888,3.5,1.037,2.626859467
29/10/2004,17.8705,14.5746,3.2818,3.303,1672.65,5.595814331,6.861251767,3.579451767,9.422223967,8.71969629,3.2,0.907,2.353454171
30/09/2004,17.8299,14.6305,3.3713,3.303,1647.48,5.608556414,6.835036397,3.463736397,13.87297221,12.25204555,2.5,0.872,2.477694504
31/08/2004,18.0318,14.5848,3.3068,3.303,1629.83,5.54575805,6.856453294,3.549653294,11.45660945,12.5565243,2.7,0.914,2.371127891
30/07/2004,18.0165,14.6325,3.6943,3.303,1623.26,5.550467627,6.83410217,3.13980217,13.17200365,14.05258554,3,1.145,2.520440951
30/06/2004,18.8318,15.3542,3.7661,3.303,1678.83,5.310166845,6.512875956,2.746775956,19.1098845,6.323451451,3.3,1.23,2.505284995
31/05/2004,19.2497,15.1228,3.7909,3.303,1646.8,5.194886154,6.612532071,2.821632071,18.32839939,8.237794511,3.1,1.15,2.610874938
30/04/2004,19.1435,15.1147,3.6218,3.303,1624.51,5.223705174,6.616075741,2.994275741,22.8762471,6.339142264,2.3,1.2,2.393083004
31/03/2004,19.6111,15.6811,2.7777,3.303,1650.42,5.099153031,6.377103647,3.599403647,35.11862853,6.693447728,1.7,0.451,2.316253696
27/02/2004,20.9734,16.153,2.9385,3.303,1675.7,4.767944158,6.190800471,3.252300471,38.52080251,6.977979352,1.7,0.592,2.332690472
30/01/2004,20.7976,15.7243,3.1433,3.303,1652.73,4.808247105,6.359583574,3.216283574,34.57179149,6.229087631,1.9,0.723,2.402926839
31/12/2003,20.5437,17.101,3.2474,3.303,1622.94,4.867672328,5.847611251,2.600211251,28.68424809,10.88210285,1.9,0.939,2.286925767
28/11/2003,20.9406,16.3378,3.354,3.303,1542.07,4.775412357,6.120775135,2.766775135,15.08929838,12.85674451,1.8,1.119,2.210267111
31/10/2003,20.8503,16.2948,3.2418,3.303,1528.62,4.796094061,6.136927118,2.895127118,20.800373,9.422223967,2,0.914,2.30671661
30/09/2003,19.9014,15.5226,2.8255,3.303,1446.77,5.024772127,6.442219731,3.616719731,24.39554959,13.87297221,2.3,0.719,2.091462385
29/08/2003,20.8539,15.7437,3.4643,3.303,1462.3,4.795266113,6.351747048,2.887447048,12.06566222,11.45660945,2.2,1.239,2.198065963
31/07/2003,20.6249,15.5033,3.2204,3.303,1434.33,4.848508356,6.450239626,3.229839626,10.64458398,13.17200365,2.1,1.43,1.765158237
30/06/2003,20.3858,15.4622,2.4093,3.303,1409.48,4.90537531,6.467384978,4.058084978,0.251788839,19.1098845,2.1,0.578,1.820775915
30/05/2003,20.4892,15.1878,2.2892,3.303,1391.72,4.880620034,6.584232081,4.295032081,-8.062651526,18.32839939,2.1,0.657,1.62154644
30/04/2003,19.5303,14.4365,2.7473,3.303,1322.07,5.120249049,6.926886711,4.179586711,-13.30688525,22.8762471,2.2,0.917,1.813668658
31/03/2003,18.1684,13.298,2.7104,3.303,1221.46,5.504061998,7.519927809,4.809527809,-24.76053787,35.11862853,3,0.701,1.995412161
28/02/2003,18.2849,13.0768,2.6612,3.303,1209.71,5.468993541,7.647130797,4.985930797,-22.68198058,38.52080251,3,0.544,2.105744749
31/01/2003,18.6246,13.2266,2.9324,3.303,1228.14,5.369242829,7.560521978,4.628121978,-23.01751967,34.57179149,2.6,1.185,1.726935811
31/12/2002,19.1984,14.8133,2.7339,3.303,1261.18,5.208767397,6.750690258,4.016790258,-22.10033478,28.68424809,2.4,1.252,1.463576028
29/11/2002,20.3771,15.6016,3.2684,3.303,1339.89,4.90746966,6.409599015,3.141199015,-16.51359569,15.08929838,2.2,1.824,1.418526084
31/10/2002,19.3147,14.6055,2.7274,3.303,1265.41,5.177403739,6.846735819,4.119335819,-15.10620027,20.800373,2,1.533,1.176366305
30/09/2002,17.8556,13.0699,2.5598,3.303,1163.04,5.600483882,7.651167951,5.091367951,-20.48622743,24.39554959,1.5,1.229,1.314643037
30/08/2002,20.7822,14.3134,3.195,3.303,1304.86,4.811810107,6.98646024,3.79146024,-17.99419299,12.06566222,1.8,1.7,1.470009833
31/07/2002,20.7992,14.3222,3.4463,3.303,1296.34,4.807877226,6.982167544,3.535867544,-23.63015111,10.64458398,1.5,2.076,1.34243113
28/06/2002,22.933,14.9912,4.0319,3.303,1405.94,4.360528496,6.670580074,2.638680074,-17.98847356,0.251788839,1.1,2.431,1.562905761
31/05/2002,25.4652,16.0763,4.3532,3.303,1513.77,3.926927729,6.220336769,1.867136769,-13.84789624,-8.062651526,1.2,2.432,1.875585754
30/04/2002,25.7362,16.2037,4.4049,3.303,1525,3.885577513,6.171429982,1.766529982,-12.62697735,-13.30688525,1.6,2.528,1.830621879
29/03/2002,27.7611,17.1746,4.805,3.303,1623.43,3.602162739,5.822551908,1.017551908,0.240191659,-24.76053787,1.5,2.917,1.834487985
28/02/2002,26.2741,16.5453,4.191,3.303,1564.59,3.806029512,6.044012499,1.853012499,-9.513151503,-22.68198058,1.1,2.795,1.358042706
31/01/2002,26.8296,16.9964,4.371,3.303,1595.35,3.727226645,5.88359888,1.51259888,-16.14675041,-23.01751967,1.1,3.073,1.25930166
31/12/2001,27.1652,19.7474,4.302,3.303,1618.98,3.681180334,5.063957787,0.761957787,-11.88601098,-22.10033478,1.6,3.288,0.981721013
30/11/2001,25.0939,19.4357,4.064,3.303,1604.92,3.985032219,5.145171,1.081171,-12.22366852,-16.51359569,1.9,3.087,0.947743168
31/10/2001,23.149,17.9703,3.475,3.303,1490.58,4.31984103,5.564737372,2.089737372,-24.90440373,-15.10620027,2.1,2.652,0.801737911
28/09/2001,22.6646,17.1015,3.804,3.303,1462.69,4.412166992,5.847440283,2.043440283,-26.6207803,-20.48622743,2.6,2.772,1.004164558
31/08/2001,22.7723,18.0127,4.38,3.303,1591.18,4.391299957,5.551638566,1.171638566,-24.38902696,-17.99419299,2.7,3.115,1.226785628
31/07/2001,24.1858,18.9431,4.526,3.42,1697.45,4.134657526,5.278967012,0.752967012,-14.32904672,-23.63015111,2.7,3.026,1.45594316
29/06/2001,24.263,18.8314,4.95,3.634,1714.32,4.121501875,5.310279639,0.360279639,-14.83036322,-17.98847356,3.2,3.116,1.778579464
31/05/2001,23.659,19.11,4.914,3.565,1757.09,4.226721332,5.232862376,0.318862376,-10.55334962,-13.84789624,3.6,2.966,1.891886642
30/04/2001,23.4603,18.8456,4.886,3.922,1745.39,4.262520087,5.306278389,0.420278389,-12.97200269,-12.62697735,3.3,3.063,1.768821012
30/03/2001,21.5983,17.8691,4.557,4.113,1619.54,4.629994027,5.596252749,1.039252749,-21.6765969,0.240191659,2.9,3.159,1.355189562
28/02/2001,22.5212,18.5526,4.656,4.469,1729.08,4.440260732,5.390080097,0.734080097,-8.198566499,-9.513151503,3.5,3.185,1.425594805
31/01/2001,24.7745,20.3631,4.768,4.585,1902.55,4.036408404,4.910843634,0.142843634,-0.900595883,-16.14675041,3.7,2.905,1.810407658
29/12/2000,24.0088,20.984,4.976,5.366,1837.37,4.165139449,4.765535646,-0.210464354,-9.104086277,-11.88601098,3.4,3.53,1.39669661
30/11/2000,23.64,20.2753,5.427,5.914,1828.42,4.230118443,4.932109513,-0.494890487,-4.219552953,-12.22366852,3.4,3.573,1.790041806
31/10/2000,25.6446,21.655,5.807,6.168,1984.91,3.899456416,4.617871161,-1.189128839,6.091590324,-24.90440373,3.4,3.48,2.248743719
29/09/2000,25.7631,21.291,5.851,6.09,1993.33,3.881520469,4.696820253,-1.154179747,13.28377633,-26.6207803,3.5,3.65,2.123492523
31/08/2000,28.1279,22.3047,5.973,6.213,2104.43,3.555188976,4.483360009,-1.489639991,16.31890515,-24.38902696,3.4,3.816,2.077714418
31/07/2000,26.8209,21.2596,6.146,6.059,1981.36,3.72843566,4.703757361,-1.442242639,8.974908975,-14.32904672,3.7,3.834,2.226630969
30/06/2000,27.3147,21.6219,6.185,6.057,2012.83,3.661032338,4.624940454,-1.560059546,7.24911817,-14.83036322,3.7,3.972,2.128457662
31/05/2000,27.3209,21.2018,6.519,6.172,1964.4,3.660201531,4.716580668,-1.802419332,10.47747596,-10.55334962,3.2,4.051,2.371913773
28/04/2000,28.0701,21.5611,6.538,6.17,2005.55,3.562509574,4.637982292,-1.900017708,10.12788903,-12.97200269,3.1,3.727,2.709998361
31/03/2000,28.9437,22.2307,6.314,6.234,2067.76,3.454983295,4.498283905,-1.815716095,17.9413761,-21.6765969,3.8,3.768,2.453550227
29/02/2000,27.3285,20.3659,6.595,6.232,1883.5,3.659183636,4.910168468,-1.684831532,11.7293581,-8.198566499,3.2,4.014,2.481396735
31/01/2000,27.9078,21.1724,6.683,6.244,1919.84,3.583227628,4.723130113,-1.959869887,10.34577892,-0.900595883,2.7,4.064,2.51672048
31/12/1999,29.34,24.4144,6.344,5.957,2021.4,3.408316292,4.095943378,-2.248056622,21.04119137,-9.104086277,2.7,4.037,2.21748032
30/11/1999,28.9162,23.3688,6.113,5.685,1908.97,3.458269067,4.279209887,-1.833790113,20.89587212,-4.219552953,2.6,3.94,2.090629209
29/10/1999,28.4484,23.1374,5.946,5.412,1870.94,3.515136176,4.322006794,-1.623993206,25.66934,6.091590324,2.6,3.845,2.023207665
30/09/1999,27.0295,21.7439,5.754,5.173,1759.59,3.699661481,4.598990981,-1.155009019,27.8038045,13.28377633,2.6,3.88,1.804004621
31/08/1999,28.5386,22.3491,5.865,5.283,1809.19,3.504026126,4.47445311,-1.39054689,39.8245614,16.31890515,2.3,3.955,1.837333462
30/07/1999,28.7691,22.4315,5.791,5.109,1818.18,3.475951629,4.458016628,-1.332983372,20.20309535,8.974908975,2.1,4.004,1.718203146
30/06/1999,29.883,23.3199,5.646,5.056,1876.78,3.346384232,4.288183054,-1.357816946,22.75602242,7.24911817,2,3.977,1.60516268
31/05/1999,28.8438,22.1746,5.584,4.97,1778.1,3.46694957,4.50966421,-1.07433579,21.0258714,10.47747596,2.1,3.64,1.875723659
30/04/1999,29.4975,22.9096,5.213,4.763,1821.11,3.390117807,4.364982365,-0.848017635,21.82234144,10.12788903,2.3,3.692,1.466844115
31/03/1999,28.4606,22.1485,5.102,4.71,1753.21,3.513629368,4.514978441,-0.587021559,18.46013514,17.9413761,1.7,3.838,1.217280764
26/02/1999,28.0381,21.4568,5.221,4.849,1685.77,3.566575481,4.660527199,-0.560472801,19.73648697,11.7293581,1.6,3.798,1.370932003
29/01/1999,29.2092,22.406,4.548,4.492,1739.84,3.423578872,4.463090244,-0.084909756,32.48958643,10.34577892,1.7,3.878,0.644987389
31/12/1998,28.1609,22.4979,4.54,4.524,1670.01,3.551022872,4.444859298,-0.095140702,28.57901788,21.04119137,1.6,3.796,0.716790628
30/11/1998,26.7131,21.2521,4.482,4.495,1579.02,3.743481663,4.705417347,0.223417347,23.66139605,20.89587212,1.5,3.717,0.737584003
30/10/1998,25.0851,19.9053,4.231,4.182,1488.78,3.986430192,5.023787634,0.792787634,21.99115044,25.66934,1.5,3.601,0.608102238
30/09/1998,23.1148,18.3478,4.216,4.399,1376.79,4.326232544,5.450244716,1.234244716,9.047490812,27.8038045,1.5,3.482,0.709302101
31/08/1998,21.7897,17.0209,4.797,4.855,1293.9,4.589324314,5.875129987,1.078129987,8.094335052,39.8245614,1.6,3.751,1.008183054
31/07/1998,25.5114,19.5452,5.501,5.368,1512.59,3.919816239,5.116345701,-0.384654299,19.28472852,20.20309535,1.7,3.888,1.552633605
30/06/1998,25.9138,19.7724,5.467,5.371,1528.87,3.858947742,5.057554976,-0.409445024,30.16201398,22.75602242,1.7,3.908,1.500365708
29/05/1998,25.0111,18.9177,5.549,5.416,1469.19,3.998224788,5.286054859,-0.262945141,30.68527512,21.0258714,1.7,3.923,1.564619959
30/04/1998,25.3236,19.2605,5.636,5.385,1494.89,3.948885624,5.191973209,-0.444026791,41.06728319,21.82234144,1.4,3.896,1.674751675
31/03/1998,24.9926,19.0489,5.618,5.386,1480,4.001184351,5.249646961,-0.368353039,48,18.46013514,1.4,3.791,1.760268231
27/02/1998,23.989,18.0228,5.585,5.397,1407.9,4.168577265,5.548527421,-0.036472579,35.00503428,19.73648697,1.4,3.745,1.77357945
30/01/1998,22.393,16.8525,5.379,5.221,1313.19,4.46568124,5.93383771,0.55483771,26.91014168,32.48958643,1.6,3.721,1.598519104
31/12/1997,22.2347,18.4232,5.711,5.482,1298.82,4.497474668,5.427938686,-0.283061314,33.36276825,28.57901788,1.7,3.746,1.894048927
28/11/1997,22.7399,18.0695,5.84,5.495,1276.89,4.397556717,5.534187443,-0.305812557,28.51406027,23.66139605,1.8,3.566,2.195701292
31/10/1997,21.8119,17.1781,5.708,5.353,1220.4,4.584653331,5.821365576,0.113365576,32.11223694,21.99115044,2.1,3.573,2.061348035
30/09/1997,22.6119,17.7227,5.987,5.444,1262.56,4.422450126,5.642481112,-0.344518888,40.44517615,9.047490812,2.2,3.689,2.216242803
29/08/1997,21.9033,16.7432,6.223,5.565,1197.01,4.56552209,5.97257394,-0.25042606,40.64930792,8.094335052,2.2,3.596,2.535812194
31/07/1997,23.3307,17.9023,5.9,5.425,1268.05,4.286198014,5.585874441,-0.314125559,52.1392235,19.28472852,2.2,3.59,2.229944975
30/06/1997,21.6254,16.7734,6.383,5.657,1174.59,4.624191922,5.961820502,-0.421179498,34.69914336,30.16201398,2.3,,
30/05/1997,21.2797,16.094,6.5,5.768,1124.22,4.69931437,6.213495713,-0.286504287,29.41555676,30.68527512,2.2,,
30/04/1997,20.069,15.1907,6.573,5.893,1059.7,4.982809308,6.58297511,0.00997511,25.13432131,41.06728319,2.5,,
31/03/1997,18.9778,14.3674,6.752,6.003,1000,5.269314673,6.960201567,0.208201567,19.82505542,48,2.8,,
28/02/1997,20.3625,14.9711,6.387,5.672,1042.85,4.910988336,6.679535906,0.292535906,26.16291027,35.00503428,3,,
31/01/1997,20.3249,14.918,6.246,5.573,1034.74,4.920073407,6.703311436,0.457311436,26.34188034,26.91014168,3,,
31/12/1996,18.9951,15.6565,6.21,5.483,973.9,5.264515586,6.387123559,0.177123559,22.96096157,33.36276825,3.3,,
29/11/1996,20.6953,16.0026,5.832,5.352,993.58,4.832014999,6.24898454,0.41698454,27.86235474,28.51406027,3.3,,
31/10/1996,19.2489,14.9263,6.067,5.409,923.76,5.195102058,6.699583956,0.632583956,24.09457281,32.11223694,3,,
30/09/1996,18.6973,14.5572,6.457,5.685,898.97,5.348365807,6.869452917,0.412452917,20.33276668,40.44517615,3,,
30/08/1996,18.1751,13.7827,6.725,5.904,851.06,5.502033001,7.25547244,0.53047244,18.72715605,40.64930792,2.9,,
31/07/1996,17.8241,13.5432,6.566,5.831,833.48,5.61038145,7.383779314,0.817779314,16.56736874,52.1392235,3,,
28/06/1996,18.6863,14.0733,6.462,5.679,872.01,5.351514211,7.105653969,0.643653969,26.00026009,34.69914336,2.8,,
31/05/1996,19.1652,13.9611,6.631,5.745,868.69,5.217790579,7.162759381,0.531759381,28.43603998,29.41555676,2.9,,
30/04/1996,18.7808,13.6676,6.413,5.627,846.85,5.324586812,7.316573502,0.903573502,30.21249769,25.13432131,2.9,,
29/03/1996,18.5754,13.5387,6.086,5.381,834.55,5.383464152,7.386233538,1.300233538,32.09921489,19.82505542,2.8,,
29/02/1996,18.4889,13.2989,5.731,5.223,826.59,5.408650596,7.519418899,1.788418899,34.70056221,26.16291027,2.7,,
31/01/1996,18.3957,13.2873,5.236,4.896,819,5.436052991,7.525983458,2.289983458,38.66314506,26.34188034,2.7,,
29/12/1995,17.8028,13.903,5.381,5.137,792.04,5.61709394,7.192692225,1.811692225,37.57859997,22.96096157,2.5,,
30/11/1995,17.5036,13.5392,5.517,5.358,777.07,5.713110446,7.385960766,1.868960766,36.97932274,27.86235474,2.6,,
31/10/1995,16.8604,13.01,5.809,5.546,744.4,5.931057389,7.686395081,1.877395081,26.44166256,24.09457281,2.8,,
29/09/1995,16.9302,13.0203,6.015,5.679,747.07,5.906604765,7.680314586,1.665314586,29.74695636,20.33276668,2.5,,
31/08/1995,16.5626,12.4537,6.067,5.637,716.82,6.037699395,8.029742165,1.962742165,21.44757129,18.72715605,2.6,,
31/07/1995,16.6219,12.6515,6.155,5.65,715.02,6.016159404,7.904201083,1.749201083,26.11026844,16.56736874,2.8,,
30/06/1995,16.4428,12.3842,5.967,5.628,692.07,6.08168925,8.074804993,2.107804993,26.06929467,26.00026009,3,,
31/05/1995,16.7035,12.746,6.052,5.786,676.36,5.98676924,7.845598619,1.793598619,20.18836073,28.43603998,3.2,,
28/04/1995,16.1594,12.3827,6.881,6.308,650.36,6.188348577,8.075783149,1.194783149,17.4655926,30.21249769,3.1,,
31/03/1995,15.7779,12.1895,7.071,6.476,631.76,6.337979072,8.203781943,1.132781943,15.56937712,32.09921489,2.9,,
28/02/1995,16.1732,11.9416,7.039,6.414,613.65,6.183068286,8.374087224,1.335087224,7.362177861,34.70056221,2.9,,
31/01/1995,15.6063,11.7053,7.506,6.786,590.64,6.407668698,8.543138578,1.037138578,0.531045752,38.66314506,2.8,,
30/12/1994,15.3461,12.597,7.827,7.178,575.7,6.516313591,7.938398031,0.111398031,1.319957761,37.57859997,2.7,,
30/11/1994,17.2264,12.4675,7.788,6.881,567.29,5.805043422,8.020854221,0.232854221,1.04736289,36.97932274,2.7,,
31/10/1994,17.9454,12.9615,7.485,6.137,588.73,5.57245868,7.715156425,0.230156425,3.86542465,26.44166256,2.6,,
30/09/1994,17.6905,12.8003,7.28,5.928,575.79,5.652751477,7.812316899,0.532316899,3.684295824,29.74695636,3,,
31/08/1994,19.58,13.2429,6.804,5.534,590.23,5.107252298,7.551216123,0.747216123,5.469783067,21.44757129,2.9,,
29/07/1994,18.8503,12.7611,6.73,5.36,566.98,5.304955359,7.836315051,1.106315051,5.159878329,26.11026844,2.8,,
30/06/1994,18.1556,12.4841,6.949,5.483,548.96,5.507942453,8.01018896,1.06118896,1.407618133,26.06929467,2.5,,
31/05/1994,20.8925,12.795,6.761,5.363,562.75,4.786406605,7.81555295,1.05455295,4.25930043,20.18836073,2.3,,
29/04/1994,20.7011,12.685,6.635,5.078,553.66,4.830661173,7.883326764,1.248326764,5.318622789,17.4655926,2.4,,
31/03/1994,20.4377,12.5258,6.226,4.427,546.65,4.892918479,7.983522011,1.757522011,1.472007722,15.56937712,2.5,,
28/02/1994,22.0962,13.0633,5.573,3.977,571.57,4.525665046,7.655033567,2.082033567,8.336018499,7.362177861,2.5,,
31/01/1994,22.7623,13.4283,5.022,3.507,587.52,4.393229155,7.446959034,2.424959034,12.87824934,0.531045752,2.5,,
31/12/1993,22.0648,14.7404,5.208,3.582,568.2,4.532105435,6.784076416,1.576076416,10.07787981,1.319957761,2.7,,
30/11/1993,23.3077,14.4691,5.158,3.626,561.41,4.290427627,6.9112799,1.7532799,10.09766238,1.04736289,2.7,,
29/10/1993,23.6277,14.6072,4.847,3.466,566.82,4.232320539,6.845938989,1.998938989,14.94332123,3.86542465,2.8,,
30/09/1993,23.1458,14.283,4.772,3.36,555.33,4.320438265,7.001330253,2.229330253,13.00286918,3.684295824,2.7,,
31/08/1993,24.7966,14.3573,4.789,3.372,559.62,4.03281095,6.965097894,2.176097894,15.21452689,5.469783067,2.8,,
30/07/1993,24.0361,13.7887,5.146,3.521,539.16,4.160408719,7.252315302,2.106315302,8.730110715,5.159878329,2.8,,
30/06/1993,24.436,13.8421,5.047,3.437,541.34,4.092322802,7.224337348,2.177337348,13.62901702,1.407618133,3,,
31/05/1993,23.5384,13.8039,5.368,3.608,539.76,4.24837712,7.244329501,1.876329501,11.61290323,4.25930043,3.2,,
30/04/1993,23.0531,13.4839,5.107,3.256,525.7,4.337811401,7.416251975,2.309251975,9.236363636,5.318622789,3.2,,
31/03/1993,23.6078,13.6998,5.24,3.283,538.72,4.235888139,7.299376633,2.059376633,15.229295,1.472007722,3.1,,
26/02/1993,24.5655,13.3908,5.208,3.273,527.59,4.070749629,7.467813723,2.259813723,10.65458588,8.336018499,3.2,,
29/01/1993,24.312,13.2667,5.549,3.358,520.49,4.11319513,7.537669503,1.988669503,10.57786276,12.87824934,3.3,,
31/12/1992,24.4126,14.9124,5.993,3.582,516.18,4.096245381,6.705828706,0.712828706,7.620457436,10.07787981,2.9,,
30/11/1992,25.4347,14.5737,6.221,3.819,509.92,3.931636701,6.861675484,0.640675484,18.4730838,10.09766238,3,,
30/10/1992,24.7581,14.0836,5.886,3.509,493.13,4.039082159,7.100457269,1.214457269,9.955850874,14.94332123,3.2,,
30/09/1992,24.5615,13.8389,5.324,3.053,491.43,4.071412577,7.226007847,1.902007847,11.0500983,13.00286918,3,,
31/08/1992,25.6756,13.6476,5.575,3.446,485.72,3.894748321,7.327295642,1.752295642,7.923387993,15.21452689,3.1,,
31/07/1992,26.381,13.8484,5.822,3.617,495.87,3.790606876,7.221050807,1.399050807,12.78744456,8.730110715,3.2,,
30/06/1992,25.3305,13.218,6.272,4.048,476.41,3.947809952,7.565441065,1.293441065,13.41205037,13.62901702,3.1,,
29/05/1992,26.803,13.501,6.602,4.242,483.6,3.730925643,7.406858751,0.804858751,9.849173178,11.61290323,3,,
30/04/1992,26.3384,13.4303,6.883,4.309,481.25,3.796737843,7.445850055,0.562850055,14.03217781,9.236363636,3.2,,
31/03/1992,25.7929,13.0157,6.924,4.493,467.52,3.877035928,7.683028957,0.759028957,11.04196851,15.229295,3.2,,
28/02/1992,26.4552,13.2773,6.564,4.3,476.79,3.779975203,7.531651767,0.967651767,15.98472317,10.65458588,2.8,,
31/01/1992,26.2625,13.2452,6.428,4.193,470.7,3.807710614,7.549904871,1.121904871,22.69314983,10.57786276,2.6,,
31/12/1991,26.6938,15.1822,5.928,4.087,479.63,3.746188253,6.586660695,0.658660695,30.4654136,7.620457436,3.1,,
29/11/1991,20.8775,13.4162,6.478,4.672,430.41,4.789845527,7.453675407,0.975675407,20.33718232,18.4730838,3,,
31/10/1991,21.7281,13.7824,6.741,5.088,448.48,4.602335225,7.255630369,0.514630369,33.49605596,9.955850874,2.9,,
30/09/1991,21.312,13.5191,6.906,5.408,442.53,4.692192192,7.396942104,0.490942104,31.16274934,11.0500983,3.4,,
30/08/1991,20.1102,13.6983,7.338,5.727,450.06,4.972600969,7.300175934,-0.037824066,26.90258001,7.923387993,3.8,,
31/07/1991,19.6481,13.2569,7.737,6.141,439.65,5.089550644,7.543241633,-0.193758367,12.76257406,12.78744456,4.4,,
28/06/1991,18.8369,12.6279,7.879,6.307,420.07,5.308729143,7.918973068,0.039973068,7.39632868,13.41205037,4.7,,
31/05/1991,18.1072,13.1642,7.705,6.174,440.24,5.522665017,7.596359824,-0.108640176,11.79278822,9.849173178,5,,
30/04/1991,17.4859,12.5915,7.61,6.026,422.03,5.718893508,7.941865544,0.331865544,17.61935286,14.03217781,4.9,,
29/03/1991,17.5298,12.4383,7.754,6.249,421.03,5.704571644,8.03968388,0.28568388,14.41032609,11.04196851,4.9,,
28/02/1991,16.7071,12.0157,7.695,6.452,411.08,5.985479227,8.322444801,0.627444801,14.66666667,15.98472317,5.3,,
31/01/1991,15.662,11.1917,7.607,6.501,383.64,6.384880603,8.935193045,1.328193045,8.391252755,22.69314983,5.7,,
31/12/1990,15.2794,11.8877,7.679,6.859,367.63,6.544759611,8.412056159,0.733056159,,30.4654136,6.1,,
30/11/1990,14.728,11.4657,7.985,7.347,357.67,6.789788159,8.721665489,0.736665489,,20.33718232,6.3,,
31/10/1990,13.875,10.5694,8.219,7.393,335.95,7.207207207,9.461275001,1.242275001,,33.49605596,6.3,,
28/09/1990,13.356,10.5599,8.456,7.656,337.39,7.487271638,9.469786646,1.013786646,,31.16274934,6.2,,
31/08/1990,13.9635,10.8958,8.44,7.757,354.65,7.16152827,9.177848345,0.737848345,,26.90258001,5.6,,
31/07/1990,15.3671,11.8552,8.108,7.695,389.89,6.507408685,8.435117079,0.327117079,,12.76257406,4.8,,
29/06/1990,15.3688,11.8702,8.337,8.027,391.14,6.506688876,8.424457886,0.087457886,,7.39632868,4.7,,
31/05/1990,15.4024,11.8938,8.549,8.223,393.8,6.492494676,8.407741849,-0.141258151,,11.79278822,4.4,,
30/04/1990,14.1063,10.8548,9,8.535,358.81,7.089031142,9.212514279,0.212514279,,17.61935286,4.7,,
30/03/1990,14.4666,11.0969,8.638,8.331,368,6.912474251,9.011525741,0.373525741,,14.41032609,5.2,,
28/02/1990,13.9688,10.7204,8.451,8.109,358.5,7.158811065,9.328010149,0.877010149,,14.66666667,5.3,,
31/01/1990,13.7883,10.5891,8.318,8.075,353.94,7.252525692,9.443673211,1.125673211,,8.391252755,5.2,,
